Question,Correct Answer,Predicted Answer,Predicted Algebraic Answer,Predicted Python Answer,Generated Algebraic Template,Generated Expression,Generated Python Code,Variable Mapping,Error,Error Message
" A florist had 6 roses. If she sold 5 of them and then later picked 12 more, how many roses would she have? ",13,13,13.0,13.0,"A florist had var_A roses. If she sold var_B of them and then later picked var_C more, how many roses would she have?",var_A - var_B + var_C,"def solution(var_A, var_B, var_C):
    return var_A - var_B + var_C","{'var_A': 6.0, 'var_B': 5.0, 'var_C': 12.0}",False,
" A painter needed to paint 12 rooms in a building. Each room takes 7 hours to paint. If he already painted 5 rooms, how much longer will he take to paint the rest? ",49,49,49.0,49.0,"A painter needed to paint var_A rooms in a building. Each room takes var_B hours to paint. If he already painted var_C rooms, how much longer will he take to paint the rest?",(var_A - var_C) * var_B,"def solution(var_A, var_B, var_C):
    remaining_rooms = var_A - var_C
    return remaining_rooms * var_B","{'var_A': 12.0, 'var_B': 7.0, 'var_C': 5.0}",False,
" Chloe baked 7 brownies, but needed 16 total for her party. If she used 6 cups of flour on each one, how much cups of flour does she still need? ",54,54,54.0,54.0,"Chloe baked var_A brownies, but needed var_B total for her party. If she used var_C cups of flour on each one, how much cups of flour does she still need?",(var_B - var_A) * var_C,"def solution(var_A, var_B, var_C):
    total_flour_needed = var_B * var_C
    flour_used = var_A * var_C
    return total_flour_needed - flour_used","{'var_A': 7.0, 'var_B': 16.0, 'var_C': 6.0}",False,
" George had 28 socks. If he threw away 4 old ones that didn't fit and bought 36 new ones, how many socks would he have? ",60,60,60.0,60.0,"George had var_A socks. If he threw away var_B old ones that didn't fit and bought var_C new ones, how many socks would he have?",var_A - var_B + var_C,"def solution(var_A, var_B, var_C):
    return var_A - var_B + var_C","{'var_A': 28.0, 'var_B': 4.0, 'var_C': 36.0}",False,
" There school's baseball team had 31 new players and 4 returning players. If the coach put them into groups with 7 players in each group, how many groups would there be? ",5,5,5.0,5.0,"There school's baseball team had var_A new players and var_B returning players. If the coach put them into groups with var_C players in each group, how many groups would there be?",(var_A + var_B) // var_C,"def solution(var_A, var_B, var_C):
    total_players = var_A + var_B
    return total_players // var_C","{'var_A': 31.0, 'var_B': 4.0, 'var_C': 7.0}",False,
" At the fair Adam bought 10 tickets. After riding the ferris wheel he had 3 tickets left. If each ticket cost 9 dollars, how much money did Adam spend riding the ferris wheel? ",63,63,63.0,63.0,"At the fair Adam bought var_A tickets. After riding the ferris wheel he had var_B tickets left. If each ticket cost var_C dollars, how much money did Adam spend riding the ferris wheel?",(var_A - var_B) * var_C,"def solution(var_A, var_B, var_C):
    return (var_A - var_B) * var_C","{'var_A': 10.0, 'var_B': 3.0, 'var_C': 9.0}",False,
" Sarah's old washing machine could only wash 5 pieces of clothing at a time. If she had to wash 43 shirts and 2 sweaters how many loads would she have to do? ",9,,9.0,9.0,Sarah's old washing machine could only wash var_A pieces of clothing at a time. If she had to wash var_B shirts and var_C sweaters how many loads would she have to do?,( var_B + var_C ) / var_A,"def solution(var_A, var_B, var_C):
    total_clothing = var_B + var_C
    return (total_clothing + var_A - 1) // var_A","{'var_A': 5.0, 'var_B': 43.0, 'var_C': 2.0}",False,
" Mike made 42 dollars mowing lawns over the summer. If he spent 10 dollars buying new mower blades, how many 8 dollar games could he buy with the money he had left? ",4,4,4.0,4.0,"Mike made var_A dollars mowing lawns over the summer. If he spent var_B dollars buying new mower blades, how many var_C dollar games could he buy with the money he had left?",(var_A - var_B) / var_C,"def solution(var_A, var_B, var_C):
    return (var_A - var_B) // var_C","{'var_A': 42.0, 'var_B': 10.0, 'var_C': 8.0}",False,
" At a restaurant each adult meal costs $2 and kids eat free. If a group of 9 people came in and 2 were kids, how much would it cost for the group to eat? ",14,14,14.0,14.0,"At a restaurant each adult meal costs $ var_A and kids eat free. If a group of var_B people came in and var_C were kids, how much would it cost for the group to eat?",(var_B - var_C) * var_A,"def solution(var_A, var_B, var_C):
    return (var_B - var_C) * var_A","{'var_A': 2.0, 'var_B': 9.0, 'var_C': 2.0}",False,
" Emily was planting vegetables in her garden. She started with 41 seeds and planted 29 of them in the big garden and in each of her small gardens put 4 seeds each. How many small gardens did Emily have? ",3,3,3.0,3.0,Emily was planting vegetables in her garden. She started with var_A seeds and planted var_B of them in the big garden and in each of her small gardens put var_C seeds each. How many small gardens did Emily have?,(var_A - var_B) / var_C,"def solution(var_A, var_B, var_C):
    return (var_A - var_B) // var_C","{'var_A': 41.0, 'var_B': 29.0, 'var_C': 4.0}",False,
" Luke made 9 dollars mowing lawns and 18 dollars weed eating. If he only spent 3 dollar a week, how long would the money last him? ",9,9,9.0,9.0,"Luke made var_A dollars mowing lawns and var_B dollars weed eating. If he only spent var_C dollar a week, how long would the money last him?",(var_A + var_B) / var_C,"def solution(var_A, var_B, var_C):
    total_money = var_A + var_B
    return total_money // var_C","{'var_A': 9.0, 'var_B': 18.0, 'var_C': 3.0}",False,
" John made 6 dollars mowing lawns and 18 dollars weed eating. If he only spent 3 dollar a week, how long would the money last him? ",8,8,8.0,8.0,"John made var_A dollars mowing lawns and var_B dollars weed eating. If he only spent var_C dollar a week, how long would the money last him?",(var_A + var_B) / var_C,"def solution(var_A, var_B, var_C):
    total_money = var_A + var_B
    return total_money // var_C","{'var_A': 6.0, 'var_B': 18.0, 'var_C': 3.0}",False,
" A worksheet had 2 problems on it. If a teacher had 14 worksheets to grade and had already graded 7 of them, how many more problems does she have to grade? ",14,14,14.0,14.0,"A worksheet had var_A problems on it. If a teacher had var_B worksheets to grade and had already graded var_C of them, how many more problems does she have to grade?",(var_B - var_C) * var_A,"def solution(var_A, var_B, var_C):
    return (var_B - var_C) * var_A","{'var_A': 2.0, 'var_B': 14.0, 'var_C': 7.0}",False,
" A waiter at 'The Greasy Spoon' restaurant had 29 customers to wait on. During the lunch rush he added another 20 customers. If 34 of the customers didn't leave him a tip, how many customers did leave a tip? ",15,15,15.0,15.0,"A waiter at 'The Greasy Spoon' restaurant had var_A customers to wait on. During the lunch rush he added another var_B customers. If var_C of the customers didn't leave him a tip, how many customers did leave a tip?",(var_A + var_B) - var_C,"def solution(var_A, var_B, var_C):
    return (var_A + var_B) - var_C","{'var_A': 29.0, 'var_B': 20.0, 'var_C': 34.0}",False,
" The school cafeteria ordered 37 red apples and 45 green apples for students lunches. But, if only 51 students wanted fruit, how many extra did the cafeteria end up with? ",31,31,31.0,31.0,"The school cafeteria ordered var_A red apples and var_B green apples for students lunches. But, if only var_C students wanted fruit, how many extra did the cafeteria end up with?",(var_A + var_B) - var_C,"def solution(var_A, var_B, var_C):
    total_apples = var_A + var_B
    return total_apples - var_C","{'var_A': 37.0, 'var_B': 45.0, 'var_C': 51.0}",False,
" Luke was putting his spare change into piles. He had 5 piles of quarters and 5 piles of dimes. If each pile had 3 coins in it, how many coins did he have total? ",30,30,30.0,30.0,"Luke was putting his spare change into piles. He had var_A piles of quarters and var_B piles of dimes. If each pile had var_C coins in it, how many coins did he have total?",(var_A + var_B) * var_C,"def solution(var_A, var_B, var_C):
    return (var_A + var_B) * var_C","{'var_A': 5.0, 'var_B': 5.0, 'var_C': 3.0}",False,
" Megan's class is going on a field trip to the zoo. If each van can hold 5 people and there are 25 students and 5 adults going, how many vans will they need? ",6,,,,"Megan's class is going on a field trip to the zoo. If each van can hold var_A people and there are var_B students and var_C adults going, how many vans will they need?",ceil((var_B + var_C) / var_A),"def solution(var_A, var_B, var_C):
    total_people = var_B + var_C
    return (total_people + var_A - 1) // var_A  # Using ceiling division to account for partial vans","{'var_A': 5.0, 'var_B': 25.0, 'var_C': 5.0}",True,"must be real number, not NoneType"
" Nancy picked 12 carrots from her garden. If she threw out 2 of them and then picked 21 more the next day, how many carrots would she have total? ",31,31,31.0,31.0,"Nancy picked var_A carrots from her garden. If she threw out var_B of them and then picked var_C more the next day, how many carrots would she have total?",var_A - var_B + var_C,"def solution(var_A, var_B, var_C):
    return var_A - var_B + var_C","{'var_A': 12.0, 'var_B': 2.0, 'var_C': 21.0}",False,
" A worksheet had 3 problems on it. If a teacher had 15 worksheets to grade and had already graded 7 of them, how many more problems does she have to grade? ",24,24,24.0,24.0,"A worksheet had var_A problems on it. If a teacher had var_B worksheets to grade and had already graded var_C of them, how many more problems does she have to grade?",(var_B - var_C) * var_A,"def solution(var_A, var_B, var_C):
    return (var_B - var_C) * var_A","{'var_A': 3.0, 'var_B': 15.0, 'var_C': 7.0}",False,
" The cafeteria had 50 apples. For lunch they handed out 5 to students and decided to use the rest to make pies. If each pie takes 5 apples, how many pies could they make? ",9,,9.0,9.0,"The cafeteria had var_A apples. For lunch they handed out var_B to students and decided to use the rest to make pies. If each pie takes var_C apples, how many pies could they make?",(var_A - var_B) // var_C,"def solution(var_A, var_B, var_C):
    return (var_A - var_B) // var_C","{'var_A': 50.0, 'var_B': 5.0, 'var_C': 5.0}",False,
" Tom had 5 books. If he sold 4 of them and used the money he earned to buy 38 new books, how many books would Tom have? ",39,39,39.0,39.0,"Tom had var_A books. If he sold var_B of them and used the money he earned to buy var_C new books, how many books would Tom have?",var_A - var_B + var_C,"def solution(var_A, var_B, var_C):
    return var_A - var_B + var_C","{'var_A': 5.0, 'var_B': 4.0, 'var_C': 38.0}",False,
" Rachel was organizing her book case making sure each of the shelves had exactly 9 books on it. If she had 6 shelves of mystery books and 2 shelves of picture books, how many books did she have total? ",72,72,72.0,72.0,"Rachel was organizing her book case making sure each of the shelves had exactly var_A books on it. If she had var_B shelves of mystery books and var_C shelves of picture books, how many books did she have total?",var_A * (var_B + var_C),"def solution(var_A, var_B, var_C):
    return var_A * (var_B + var_C)","{'var_A': 9.0, 'var_B': 6.0, 'var_C': 2.0}",False,
" There were 2 friends playing a video game online when 2 more players joined the game. If each player had 6 lives, how many lives did they have total? ",24,24,24.0,24.0,"There were var_A friends playing a video game online when var_B more players joined the game. If each player had var_C lives, how many lives did they have total?",(var_A + var_B) * var_C,"def solution(var_A, var_B, var_C):
    return (var_A + var_B) * var_C","{'var_A': 2.0, 'var_B': 2.0, 'var_C': 6.0}",False,
" Haley baked 20 cupcakes for her school's bake sale. If her brother, Todd, ate 11 of them how many packages could she make if she put 3 cupcake in each package? ",3,3,3.0,3.0,"Haley baked var_A cupcakes for her school's bake sale. If her brother, Todd, ate var_B of them how many packages could she make if she put var_C cupcake in each package?",(var_A - var_B) // var_C,"def solution(var_A, var_B, var_C):
    remaining_cupcakes = var_A - var_B
    return remaining_cupcakes // var_C","{'var_A': 20.0, 'var_B': 11.0, 'var_C': 3.0}",False,
" Bianca had 45 coloring books. If she gave away 6 of them, but then bought 20 more, how many would she have total? ",59,59,59.0,59.0,"Bianca had var_A coloring books. If she gave away var_B of them, but then bought var_C more, how many would she have total?",var_A - var_B + var_C,"def solution(var_A, var_B, var_C):
    return var_A - var_B + var_C","{'var_A': 45.0, 'var_B': 6.0, 'var_C': 20.0}",False,
" Gwen was organizing her book case making sure each of the shelves had exactly 9 books on it. If she had 3 shelves of mystery books and 5 shelves of picture books, how many books did she have total? ",72,72,72.0,72.0,"Gwen was organizing her book case making sure each of the shelves had exactly var_A books on it. If she had var_B shelves of mystery books and var_C shelves of picture books, how many books did she have total?",(var_B + var_C) * var_A,"def solution(var_A, var_B, var_C):
    return var_A * (var_B + var_C)","{'var_A': 9.0, 'var_B': 3.0, 'var_C': 5.0}",False,
" Dave bought 12 boxes of chocolate candy and gave 5 to his little brother. If each box has 3 pieces inside it, how many pieces did Dave still have? ",21,31,31.0,31.0,"Dave bought var_A boxes of chocolate candy and gave var_B to his little brother. If each box has var_C pieces inside it, how many pieces did Dave still have?",(var_A * var_C) - var_B,"def solution(var_A, var_B, var_C):
    return (var_A * var_C) - var_B","{'var_A': 12.0, 'var_B': 5.0, 'var_C': 3.0}",False,
" A pet store had 41 siamese cats and 28 house cats. During a sale they sold 15 cats. How many cats do they have left? ",54,54,54.0,54.0,A pet store had var_A siamese cats and var_B house cats. During a sale they sold var_C cats. How many cats do they have left?,(var_A + var_B) - var_C,"def solution(var_A, var_B, var_C):
    return (var_A + var_B) - var_C","{'var_A': 41.0, 'var_B': 28.0, 'var_C': 15.0}",False,
" Sam was collecting cans for recycling. On Saturday he filled 3 bags up and on Sunday he filled 4 more bags. If each bag had 9 cans in it, how many cans did he pick up total? ",63,63,63.0,63.0,"Sam was collecting cans for recycling. On Saturday he filled var_A bags up and on Sunday he filled var_B more bags. If each bag had var_C cans in it, how many cans did he pick up total?",(var_A + var_B) * var_C,"def solution(var_A, var_B, var_C):
    return (var_A + var_B) * var_C","{'var_A': 3.0, 'var_B': 4.0, 'var_C': 9.0}",False,
" Janet was playing a video game and had 38 lives. In a hard part of the game she lost 16 lives. If she got 32 more lives in the next level, how many lives would she have? ",54,54,54.0,54.0,"Janet was playing a video game and had var_A lives. In a hard part of the game she lost var_B lives. If she got var_C more lives in the next level, how many lives would she have?",var_A - var_B + var_C,"def solution(var_A, var_B, var_C):
    return var_A - var_B + var_C","{'var_A': 38.0, 'var_B': 16.0, 'var_C': 32.0}",False,
" Lana was unboxing some of her old winter clothes. She found 4 boxes of clothing and inside each box there were 2 scarves and 6 mittens. How many pieces of winter clothing did Lana have total? ",32,32,32.0,32.0,Lana was unboxing some of her old winter clothes. She found var_A boxes of clothing and inside each box there were var_B scarves and var_C mittens. How many pieces of winter clothing did Lana have total?,var_A * (var_B + var_C),"def solution(var_A, var_B, var_C):
    return var_A * (var_B + var_C)","{'var_A': 4.0, 'var_B': 2.0, 'var_C': 6.0}",False,
" A chef needs to cook 16 potatoes. He has already cooked 7. If each potato takes 5 minutes to cook, how long will it take him to cook the rest? ",45,45,45.0,45.0,"A chef needs to cook var_A potatoes. He has already cooked var_B If each potato takes var_C minutes to cook, how long will it take him to cook the rest?",(var_A - var_B) * var_C,"def solution(var_A, var_B, var_C):
    remaining_potatoes = var_A - var_B
    return remaining_potatoes * var_C","{'var_A': 16.0, 'var_B': 7.0, 'var_C': 5.0}",False,
" Oliver had 33 dollars in January. By March he had spent 4 dollars. If he got another 32 dollars from his mom, how much money would he have? ",61,61,61.0,61.0,"Oliver had var_A dollars in January. By March he had spent var_B dollars. If he got another var_C dollars from his mom, how much money would he have?",var_A - var_B + var_C,"def solution(var_A, var_B, var_C):
    return var_A - var_B + var_C","{'var_A': 33.0, 'var_B': 4.0, 'var_C': 32.0}",False,
" Edward earned 4 dollars for each lawn he mowed. If he had 17 lawns to mow, but forgot to mow 9 of them, how much money did he actually earn? ",32,32,32.0,32.0,"Edward earned var_A dollars for each lawn he mowed. If he had var_B lawns to mow, but forgot to mow var_C of them, how much money did he actually earn?",var_A * (var_B - var_C),"def solution(var_A, var_B, var_C):
    return var_A * (var_B - var_C)","{'var_A': 4.0, 'var_B': 17.0, 'var_C': 9.0}",False,
" A worksheet had 4 problems on it. If a teacher had 9 worksheets to grade and had already graded 5 of them, how many more problems does she have to grade? ",16,16,16.0,16.0,"A worksheet had var_A problems on it. If a teacher had var_B worksheets to grade and had already graded var_C of them, how many more problems does she have to grade?",(var_B - var_C) * var_A,"def solution(var_A, var_B, var_C):
    return (var_B - var_C) * var_A","{'var_A': 4.0, 'var_B': 9.0, 'var_C': 5.0}",False,
" A trivia team had 9 members total, but during a game 3 members didn't show up. If each member that did show up scored 2 points, how many points were scored total? ",12,12,12.0,12.0,"A trivia team had var_A members total, but during a game var_B members didn't show up. If each member that did show up scored var_C points, how many points were scored total?",(var_A - var_B) * var_C,"def solution(var_A, var_B, var_C):
    return (var_A - var_B) * var_C","{'var_A': 9.0, 'var_B': 3.0, 'var_C': 2.0}",False,
" Ned was trying to expand his game collection. He bought 11 games from a friend and bought 22 more at a garage sale. If 19 of the games didn't work, how many good games did he end up with? ",14,14,14.0,14.0,"Ned was trying to expand his game collection. He bought var_A games from a friend and bought var_B more at a garage sale. If var_C of the games didn't work, how many good games did he end up with?",var_A + var_B - var_C,"def solution(var_A, var_B, var_C):
    return (var_A + var_B) - var_C","{'var_A': 11.0, 'var_B': 22.0, 'var_C': 19.0}",False,
" Jerry was helping the cafeteria workers pick up lunch trays, but he could only carry 8 trays at a time. If he had to pick up 9 trays from one table and 7 trays from another, how many trips will he make? ",2,,2.0,2.0,"Jerry was helping the cafeteria workers pick up lunch trays, but he could only carry var_A trays at a time. If he had to pick up var_B trays from one table and var_C trays from another, how many trips will he make?",( var_B + var_C ) / var_A,"def solution(var_A, var_B, var_C):
    total_trays = var_B + var_C
    return (total_trays + var_A - 1) // var_A","{'var_A': 8.0, 'var_B': 9.0, 'var_C': 7.0}",False,
" Kaleb was selling his old games. He started out with 76 but sold 46 of them. He packed the rest up putting 5 games into each box. How many boxes did he have to use? ",6,6,6.0,6.0,Kaleb was selling his old games. He started out with var_A but sold var_B of them. He packed the rest up putting var_C games into each box. How many boxes did he have to use?,(var_A - var_B) // var_C,"def solution(var_A, var_B, var_C):
    return (var_A - var_B) // var_C","{'var_A': 76.0, 'var_B': 46.0, 'var_C': 5.0}",False,
" There were 2 friends playing a video game online when 2 more players joined the game. If each player had 3 lives, how many lives did they have total? ",12,12,12.0,12.0,"There were var_A friends playing a video game online when var_B more players joined the game. If each player had var_C lives, how many lives did they have total?",(var_A + var_B) * var_C,"def solution(var_A, var_B, var_C):
    return (var_A + var_B) * var_C","{'var_A': 2.0, 'var_B': 2.0, 'var_C': 3.0}",False,
" Vanessa and her mom were picking carrots from their garden. Vanessa picked 17 and her mother picked 14. If only 24 of the carrots were good, how many bad carrots did they have? ",7,7,7.0,7.0,"Vanessa and her mom were picking carrots from their garden. Vanessa picked var_A and her mother picked var_B If only var_C of the carrots were good, how many bad carrots did they have?",(var_A + var_B) - var_C,"def solution(var_A, var_B, var_C):
    total_carrots = var_A + var_B
    return total_carrots - var_C","{'var_A': 17.0, 'var_B': 14.0, 'var_C': 24.0}",False,
" A pet store has 6 bird cages. If each cage has 2 parrots and 7 parakeets in it, how many birds does the pet store have total? ",54,54,54.0,54.0,"A pet store has var_A bird cages. If each cage has var_B parrots and var_C parakeets in it, how many birds does the pet store have total?",var_A * (var_B + var_C),"def solution(var_A, var_B, var_C):
    return var_A * (var_B + var_C)","{'var_A': 6.0, 'var_B': 2.0, 'var_C': 7.0}",False,
" Frank was collecting cans for recycling. On Saturday he filled 5 bags up and on Sunday he filled 3 more bags. If each bag had 5 cans in it, how many cans did he pick up total? ",40,40,40.0,40.0,"Frank was collecting cans for recycling. On Saturday he filled var_A bags up and on Sunday he filled var_B more bags. If each bag had var_C cans in it, how many cans did he pick up total?",(var_A + var_B) * var_C,"def solution(var_A, var_B, var_C):
    return (var_A + var_B) * var_C","{'var_A': 5.0, 'var_B': 3.0, 'var_C': 5.0}",False,
" A waiter had 7 tables he was waiting on, with 7 women and 2 men at each table. How many customers total did the waiter have? ",63,63,63.0,63.0,"A waiter had var_A tables he was waiting on, with var_B women and var_C men at each table. How many customers total did the waiter have?",var_A * (var_B + var_C),"def solution(var_A, var_B, var_C):
    return var_A * (var_B + var_C)","{'var_A': 7.0, 'var_B': 7.0, 'var_C': 2.0}",False,
" Haley was playing a video game and had 14 lives. In a hard part of the game she lost 4 lives. If she got 36 more lives in the next level, how many lives would she have? ",46,46,46.0,46.0,"Haley was playing a video game and had var_A lives. In a hard part of the game she lost var_B lives. If she got var_C more lives in the next level, how many lives would she have?",var_A - var_B + var_C,"def solution(var_A, var_B, var_C):
    return var_A - var_B + var_C","{'var_A': 14.0, 'var_B': 4.0, 'var_C': 36.0}",False,
" Edward made 37 dollars mowing lawns over the summer. If he spent 21 dollars buying new mower blades, how many 2 dollar games could he buy with the money he had left? ",8,8,8.0,8.0,"Edward made var_A dollars mowing lawns over the summer. If he spent var_B dollars buying new mower blades, how many var_C dollar games could he buy with the money he had left?",(var_A - var_B) / var_C,"def solution(var_A, var_B, var_C):
    return (var_A - var_B) // var_C","{'var_A': 37.0, 'var_B': 21.0, 'var_C': 2.0}",False,
" Jerry had 60 pieces of clothing to wash. He put 40 of them in one load, but decided to split the rest into 5 equal loads. How many pieces of clothing could go in each of the small loads? ",4,4,4.0,4.0,"Jerry had var_A pieces of clothing to wash. He put var_B of them in one load, but decided to split the rest into var_C equal loads. How many pieces of clothing could go in each of the small loads?",(var_A - var_B) / var_C,"def solution(var_A, var_B, var_C):
    return (var_A - var_B) // var_C","{'var_A': 60.0, 'var_B': 40.0, 'var_C': 5.0}",False,
" There were 8 friends playing a video game online when 3 players quit. If each player left had 3 lives, how many lives did they have total? ",15,9,9.0,9.0,"There were var_A friends playing a video game online when var_B players quit. If each player left had var_C lives, how many lives did they have total?",var_B * var_C,"def solution(var_A, var_B, var_C):
    return var_B * var_C","{'var_A': 8.0, 'var_B': 3.0, 'var_C': 3.0}",False,
" A pet store had 102 puppies. In one day they sold 21 of them and put the rest into cages with 9 in each cage. How many cages did they use? ",9,,9.0,9.0,A pet store had var_A puppies. In one day they sold var_B of them and put the rest into cages with var_C in each cage. How many cages did they use?,(var_A - var_B) / var_C,"def solution(var_A, var_B, var_C):
    remaining_puppies = var_A - var_B
    return (remaining_puppies + var_C - 1) // var_C  # Using ceiling division to account for partial cages","{'var_A': 102.0, 'var_B': 21.0, 'var_C': 9.0}",False,
" At the arcade Jerry won 4 tickets. If he spent 2 tickets on a beanie and later won 47 more tickets, how many would he have? ",49,49,49.0,49.0,"At the arcade Jerry won var_A tickets. If he spent var_B tickets on a beanie and later won var_C more tickets, how many would he have?",var_A - var_B + var_C,"def solution(var_A, var_B, var_C):
    return var_A - var_B + var_C","{'var_A': 4.0, 'var_B': 2.0, 'var_C': 47.0}",False,
" Luke had 48 dollars in January. By March he had spent 11 dollars. If he got another 21 dollars from his mom, how much money would he have? ",58,58,58.0,58.0,"Luke had var_A dollars in January. By March he had spent var_B dollars. If he got another var_C dollars from his mom, how much money would he have?",var_A - var_B + var_C,"def solution(var_A, var_B, var_C):
    return var_A - var_B + var_C","{'var_A': 48.0, 'var_B': 11.0, 'var_C': 21.0}",False,
" Kaleb started his own lawn mowing business. In the spring he made 4 dollars mowing lawns and in the summer he made 50 dollars. If he had to spend 4 dollars buying supplies, how much money did he end up with? ",50,50,50.0,50.0,"Kaleb started his own lawn mowing business. In the spring he made var_A dollars mowing lawns and in the summer he made var_B dollars. If he had to spend var_C dollars buying supplies, how much money did he end up with?",var_A + var_B - var_C,"def solution(var_A, var_B, var_C):
    return (var_A + var_B) - var_C","{'var_A': 4.0, 'var_B': 50.0, 'var_C': 4.0}",False,
" Amy had 4 music files and 21 video files on her flash drive. If she deleted 23 of the files, how many files were still on her flash drive? ",2,2,2.0,2.0,"Amy had var_A music files and var_B video files on her flash drive. If she deleted var_C of the files, how many files were still on her flash drive?",(var_A + var_B) - var_C,"def solution(var_A, var_B, var_C):
    return (var_A + var_B) - var_C","{'var_A': 4.0, 'var_B': 21.0, 'var_C': 23.0}",False,
" At the town carnival Oliver rode the ferris wheel 5 times and the bumper cars 4 times. If each ride cost 7 tickets, how many tickets did he use? ",63,63,63.0,63.0,"At the town carnival Oliver rode the ferris wheel var_A times and the bumper cars var_B times. If each ride cost var_C tickets, how many tickets did he use?",(var_A + var_B) * var_C,"def solution(var_A, var_B, var_C):
    return (var_A + var_B) * var_C","{'var_A': 5.0, 'var_B': 4.0, 'var_C': 7.0}",False,
" Each chocolate bar in a box cost $3. If a box had 7 bars total and Olivia sold all but 4 bars, how much money would she have made? ",9,9,9.0,9.0,"Each chocolate bar in a box cost $ var_A If a box had var_B bars total and Olivia sold all but var_C bars, how much money would she have made?",(var_B - var_C) * var_A,"def solution(var_A, var_B, var_C):
    return var_A * (var_B - var_C)","{'var_A': 3.0, 'var_B': 7.0, 'var_C': 4.0}",False,
" Wendy uploaded 22 pictures from her phone and 2 from her camera to facebook. If she sorted the pics into 4 different albums with the same amount of pics in each album, how many pictures were in each of the albums? ",6,6,6.0,6.0,"Wendy uploaded var_A pictures from her phone and var_B from her camera to facebook. If she sorted the pics into var_C different albums with the same amount of pics in each album, how many pictures were in each of the albums?",(var_A + var_B) / var_C,"def solution(var_A, var_B, var_C):
    return (var_A + var_B) // var_C","{'var_A': 22.0, 'var_B': 2.0, 'var_C': 4.0}",False,
" Wendy had 82 files on her computer. She deleted 37 of them and put the rest into folders with 5 files in each one. How many folders did Wendy end up with? ",9,9,9.0,9.0,Wendy had var_A files on her computer. She deleted var_B of them and put the rest into folders with var_C files in each one. How many folders did Wendy end up with?,(var_A - var_B) / var_C,"def solution(var_A, var_B, var_C):
    return (var_A - var_B) // var_C","{'var_A': 82.0, 'var_B': 37.0, 'var_C': 5.0}",False,
" For a birthday party Tom bought 4 regular sodas and 52 diet sodas. If his fridge would only hold 7 on each shelf, how many shelves would he fill up? ",8,,8.0,8.0,"For a birthday party Tom bought var_A regular sodas and var_B diet sodas. If his fridge would only hold var_C on each shelf, how many shelves would he fill up?",( var_A + var_B ) / var_C,"def solution(var_A, var_B, var_C):
    total_sodas = var_A + var_B
    return (total_sodas + var_C - 1) // var_C","{'var_A': 4.0, 'var_B': 52.0, 'var_C': 7.0}",False,
" There were 30 girls and 36 boys trying out for the schools basketball team. If only 10 of them got called back, how many students didn't make the cut? ",56,56,56.0,56.0,"There were var_A girls and var_B boys trying out for the schools basketball team. If only var_C of them got called back, how many students didn't make the cut?",(var_A + var_B) - var_C,"def solution(var_A, var_B, var_C):
    return (var_A + var_B) - var_C","{'var_A': 30.0, 'var_B': 36.0, 'var_C': 10.0}",False,
" At lunch a waiter had 9 customers and 5 of them didn't leave a tip. If he got $8 each from the ones who did tip, how much money did he earn? ",32,32,32.0,32.0,"At lunch a waiter had var_A customers and var_B of them didn't leave a tip. If he got $ var_C each from the ones who did tip, how much money did he earn?",(var_A - var_B) * var_C,"def solution(var_A, var_B, var_C):
    return (var_A - var_B) * var_C","{'var_A': 9.0, 'var_B': 5.0, 'var_C': 8.0}",False,
" Robin uploaded 35 pictures from her phone and 5 from her camera to facebook. If she sorted the pics into 5 different albums with the same amount of pics in each album, how many pictures were in each of the albums? ",8,8,8.0,8.0,"Robin uploaded var_A pictures from her phone and var_B from her camera to facebook. If she sorted the pics into var_C different albums with the same amount of pics in each album, how many pictures were in each of the albums?",(var_A + var_B) / var_C,"def solution(var_A, var_B, var_C):
    return (var_A + var_B) // var_C","{'var_A': 35.0, 'var_B': 5.0, 'var_C': 5.0}",False,
" At the fair there were 30 people in line for the bumper cars. If 10 of them got tired of waiting and left and 5 more got in line, how many people would be in line? ",25,25,25.0,25.0,"At the fair there were var_A people in line for the bumper cars. If var_B of them got tired of waiting and left and var_C more got in line, how many people would be in line?",var_A - var_B + var_C,"def solution(var_A, var_B, var_C):
    return var_A - var_B + var_C","{'var_A': 30.0, 'var_B': 10.0, 'var_C': 5.0}",False,
" Edward was trying to expand his game collection. He bought 41 games from a friend and bought 14 more at a garage sale. If 31 of the games didn't work, how many good games did he end up with? ",24,24,24.0,24.0,"Edward was trying to expand his game collection. He bought var_A games from a friend and bought var_B more at a garage sale. If var_C of the games didn't work, how many good games did he end up with?",var_A + var_B - var_C,"def solution(var_A, var_B, var_C):
    return (var_A + var_B) - var_C","{'var_A': 41.0, 'var_B': 14.0, 'var_C': 31.0}",False,
" Gwen earned 8 points for each bag of cans she recycled. If she had 4 bags, but didn't recycle 2 of them, how many points would she have earned? ",16,16,16.0,16.0,"Gwen earned var_A points for each bag of cans she recycled. If she had var_B bags, but didn't recycle var_C of them, how many points would she have earned?",var_A * (var_B - var_C),"def solution(var_A, var_B, var_C):
    return var_A * (var_B - var_C)","{'var_A': 8.0, 'var_B': 4.0, 'var_C': 2.0}",False,
" Emily was planting vegetables in her garden. She started with 42 seeds and planted 36 of them in the big garden and in each of her small gardens put 2 seeds each. How many small gardens did Emily have? ",3,3,3.0,3.0,Emily was planting vegetables in her garden. She started with var_A seeds and planted var_B of them in the big garden and in each of her small gardens put var_C seeds each. How many small gardens did Emily have?,(var_A - var_B) / var_C,"def solution(var_A, var_B, var_C):
    return (var_A - var_B) // var_C","{'var_A': 42.0, 'var_B': 36.0, 'var_C': 2.0}",False,
" Chloe picked 48 carrots from her garden. If she threw out 45 of them and then picked 42 more the next day, how many carrots would she have total? ",45,45,45.0,45.0,"Chloe picked var_A carrots from her garden. If she threw out var_B of them and then picked var_C more the next day, how many carrots would she have total?",var_A - var_B + var_C,"def solution(var_A, var_B, var_C):
    return var_A - var_B + var_C","{'var_A': 48.0, 'var_B': 45.0, 'var_C': 42.0}",False,
" Zoe was unboxing some of her old winter clothes. She found 8 boxes of clothing and inside each box there were 4 scarves and 6 mittens. How many pieces of winter clothing did Zoe have total? ",80,80,80.0,80.0,Zoe was unboxing some of her old winter clothes. She found var_A boxes of clothing and inside each box there were var_B scarves and var_C mittens. How many pieces of winter clothing did Zoe have total?,var_A * (var_B + var_C),"def solution(var_A, var_B, var_C):
    return var_A * (var_B + var_C)","{'var_A': 8.0, 'var_B': 4.0, 'var_C': 6.0}",False,
" There were 13 friends playing a video game online when 8 players quit. If each player left had 6 lives, how many lives did they have total? ",30,48,48.0,48.0,"There were var_A friends playing a video game online when var_B players quit. If each player left had var_C lives, how many lives did they have total?",var_B * var_C,"def solution(var_A, var_B, var_C):
    return var_B * var_C","{'var_A': 13.0, 'var_B': 8.0, 'var_C': 6.0}",False,
" Carol and her mom were picking carrots from their garden. Carol picked 29 and her mother picked 16. If only 38 of the carrots were good, how many bad carrots did they have? ",7,7,7.0,7.0,"Carol and her mom were picking carrots from their garden. Carol picked var_A and her mother picked var_B If only var_C of the carrots were good, how many bad carrots did they have?",(var_A + var_B) - var_C,"def solution(var_A, var_B, var_C):
    total_carrots = var_A + var_B
    bad_carrots = total_carrots - var_C
    return bad_carrots","{'var_A': 29.0, 'var_B': 16.0, 'var_C': 38.0}",False,
" A company invited 18 people to a luncheon, but 12 of them didn't show up. If the tables they had held 3 people each, how many tables do they need? ",2,,2.0,2.0,"A company invited var_A people to a luncheon, but var_B of them didn't show up. If the tables they had held var_C people each, how many tables do they need?",( var_A - var_B ) / var_C,"def solution(var_A, var_B, var_C):
    attendees = var_A - var_B
    return (attendees + var_C - 1) // var_C  # Using ceiling division to ensure enough tables","{'var_A': 18.0, 'var_B': 12.0, 'var_C': 3.0}",False,
" A waiter had 14 customers to wait on. If 3 customers left and he got another 39 customers, how many customers would he have? ",50,50,50.0,50.0,"A waiter had var_A customers to wait on. If var_B customers left and he got another var_C customers, how many customers would he have?",var_A - var_B + var_C,"def solution(var_A, var_B, var_C):
    return var_A - var_B + var_C","{'var_A': 14.0, 'var_B': 3.0, 'var_C': 39.0}",False,
" For Halloween Haley scored 33 pieces of candy. She ate 17 pieces the first night and then her sister gave her 19 more pieces. How many pieces of candy does Haley have now? ",35,35,35.0,35.0,For Halloween Haley scored var_A pieces of candy. She ate var_B pieces the first night and then her sister gave her var_C more pieces. How many pieces of candy does Haley have now?,var_A - var_B + var_C,"def solution(var_A, var_B, var_C):
    return var_A - var_B + var_C","{'var_A': 33.0, 'var_B': 17.0, 'var_C': 19.0}",False,
" At the arcade, Jerry won 29 tickets playing 'whack a mole' and 17 tickets playing 'skee ball'. If he spent 12 of his tickets on a hat, how many tickets does Jerry have left? ",34,34,34.0,34.0,"At the arcade, Jerry won var_A tickets playing 'whack a mole' and var_B tickets playing 'skee ball'. If he spent var_C of his tickets on a hat, how many tickets does Jerry have left?",var_A + var_B - var_C,"def solution(var_A, var_B, var_C):
    return (var_A + var_B) - var_C","{'var_A': 29.0, 'var_B': 17.0, 'var_C': 12.0}",False,
" Sarah had 4 pages of math homework and 6 pages of reading homework. If each page had 4 problems on it, how many problems did she have to complete total? ",40,40,40.0,40.0,"Sarah had var_A pages of math homework and var_B pages of reading homework. If each page had var_C problems on it, how many problems did she have to complete total?",(var_A + var_B) * var_C,"def solution(var_A, var_B, var_C):
    return (var_A + var_B) * var_C","{'var_A': 4.0, 'var_B': 6.0, 'var_C': 4.0}",False,
" Rachel was playing a video game and had 10 lives. In a hard part of the game she lost 4 lives. If she got 26 more lives in the next level, how many lives would she have? ",32,32,32.0,32.0,"Rachel was playing a video game and had var_A lives. In a hard part of the game she lost var_B lives. If she got var_C more lives in the next level, how many lives would she have?",var_A - var_B + var_C,"def solution(var_A, var_B, var_C):
    return var_A - var_B + var_C","{'var_A': 10.0, 'var_B': 4.0, 'var_C': 26.0}",False,
" Carol was playing a trivia game. In the first round she scored 17 points and in the second round she scored 6 points. In the last round she lost 16 points. How many points did she have at the end of the game? ",7,7,7.0,7.0,Carol was playing a trivia game. In the first round she scored var_A points and in the second round she scored var_B points. In the last round she lost var_C points. How many points did she have at the end of the game?,var_A + var_B - var_C,"def solution(var_A, var_B, var_C):
    return var_A + var_B - var_C","{'var_A': 17.0, 'var_B': 6.0, 'var_C': 16.0}",False,
" For Halloween Sarah received 66 pieces of candy from neighbors and 15 pieces from her older sister. If she only ate 9 pieces a day, how long would the candy last her? ",9,9,9.0,9.0,"For Halloween Sarah received var_A pieces of candy from neighbors and var_B pieces from her older sister. If she only ate var_C pieces a day, how long would the candy last her?",(var_A + var_B) / var_C,"def solution(var_A, var_B, var_C):
    total_candy = var_A + var_B
    return total_candy // var_C","{'var_A': 66.0, 'var_B': 15.0, 'var_C': 9.0}",False,
" Edward started his own lawn mowing business. In the spring he made 2 dollars mowing lawns and in the summer he made 27 dollars. If he had to spend 5 dollars buying supplies, how much money did he end up with? ",24,24,24.0,24.0,"Edward started his own lawn mowing business. In the spring he made var_A dollars mowing lawns and in the summer he made var_B dollars. If he had to spend var_C dollars buying supplies, how much money did he end up with?",(var_A + var_B - var_C),"def solution(var_A, var_B, var_C):
    return (var_A + var_B) - var_C","{'var_A': 2.0, 'var_B': 27.0, 'var_C': 5.0}",False,
" Vanessa and her friends were recycling paper for their class. For every 9 pounds they recycled they earned one point. If Vanessa recycled 20 pounds and her friends recycled 16 pounds, how many points did they earn? ",4,4,4.0,4.0,"Vanessa and her friends were recycling paper for their class. For every var_A pounds they recycled they earned one point. If Vanessa recycled var_B pounds and her friends recycled var_C pounds, how many points did they earn?",(var_B + var_C) / var_A,"def solution(var_A, var_B, var_C):
    total_recycled = var_B + var_C
    return total_recycled // var_A","{'var_A': 9.0, 'var_B': 20.0, 'var_C': 16.0}",False,
" While playing at the arcade, Luke won 2 tickets playing 'whack a mole' and 13 tickets playing 'skee ball'. If he was trying to buy candy that cost 3 tickets a piece, how many could he buy? ",5,5,5.0,5.0,"While playing at the arcade, Luke won var_A tickets playing 'whack a mole' and var_B tickets playing 'skee ball'. If he was trying to buy candy that cost var_C tickets a piece, how many could he buy?",(var_A + var_B) / var_C,"def solution(var_A, var_B, var_C):
    total_tickets = var_A + var_B
    return total_tickets // var_C","{'var_A': 2.0, 'var_B': 13.0, 'var_C': 3.0}",False,
" Oliver had 11 socks. If he threw away 4 old ones that didn't fit and bought 26 new ones, how many socks would he have? ",33,33,33.0,33.0,"Oliver had var_A socks. If he threw away var_B old ones that didn't fit and bought var_C new ones, how many socks would he have?",var_A - var_B + var_C,"def solution(var_A, var_B, var_C):
    return var_A - var_B + var_C","{'var_A': 11.0, 'var_B': 4.0, 'var_C': 26.0}",False,
" Dave had to wash 29 short sleeve shirts and 11 long sleeve shirts before school. If he had only washed 35 of them by the time school started, how many did he not wash? ",5,5,5.0,5.0,"Dave had to wash var_A short sleeve shirts and var_B long sleeve shirts before school. If he had only washed var_C of them by the time school started, how many did he not wash?",(var_A + var_B) - var_C,"def solution(var_A, var_B, var_C):
    return (var_A + var_B) - var_C","{'var_A': 29.0, 'var_B': 11.0, 'var_C': 35.0}",False,
" A group of 3 friends went into a restaurant. The chef already had 6 chicken wings cooked but cooked 3 more for the group. If they each got the same amount how many would each person get? ",3,3,3.0,3.0,A group of var_A friends went into a restaurant. The chef already had var_B chicken wings cooked but cooked var_C more for the group. If they each got the same amount how many would each person get?,(var_B + var_C) / var_A,"def solution(var_A, var_B, var_C):
    total_wings = var_B + var_C
    return total_wings // var_A","{'var_A': 3.0, 'var_B': 6.0, 'var_C': 3.0}",False,
" Katie had 85 files on her computer. She deleted 40 of them and put the rest into folders with 5 files in each one. How many folders did Katie end up with? ",9,9,9.0,9.0,Katie had var_A files on her computer. She deleted var_B of them and put the rest into folders with var_C files in each one. How many folders did Katie end up with?,(var_A - var_B) / var_C,"def solution(var_A, var_B, var_C):
    return (var_A - var_B) // var_C","{'var_A': 85.0, 'var_B': 40.0, 'var_C': 5.0}",False,
" For Halloween Katie and her sister combined the candy they received. Katie had 10 pieces of candy while her sister had 6. If they ate 9 pieces the first night, how many pieces do they have left? ",7,7,7.0,7.0,"For Halloween Katie and her sister combined the candy they received. Katie had var_A pieces of candy while her sister had var_B If they ate var_C pieces the first night, how many pieces do they have left?",(var_A + var_B) - var_C,"def solution(var_A, var_B, var_C):
    return (var_A + var_B) - var_C","{'var_A': 10.0, 'var_B': 6.0, 'var_C': 9.0}",False,
" Frank had saved up 3 dollars. If he received another 37 dollars for his allowance, how many 8 dollar toys could he buy? ",5,5,5.0,5.0,"Frank had saved up var_A dollars. If he received another var_B dollars for his allowance, how many var_C dollar toys could he buy?",(var_A + var_B) / var_C,"def solution(var_A, var_B, var_C):
    total_money = var_A + var_B
    return total_money // var_C","{'var_A': 3.0, 'var_B': 37.0, 'var_C': 8.0}",False,
" A store had 48 coloring books in stock. They ended up putting them on sale and getting rid of 38 of them. The put the ones they still had onto shelves with 5 on each shelf. How many shelves did they use? ",2,2,2.0,2.0,A store had var_A coloring books in stock. They ended up putting them on sale and getting rid of var_B of them. The put the ones they still had onto shelves with var_C on each shelf. How many shelves did they use?,(var_A - var_B) / var_C,"def solution(var_A, var_B, var_C):
    return (var_A - var_B) // var_C","{'var_A': 48.0, 'var_B': 38.0, 'var_C': 5.0}",False,
" Lana was unboxing some of her old winter clothes. She found 3 boxes of clothing and inside each box there were 3 scarves and 4 mittens. How many pieces of winter clothing did Lana have total? ",21,21,21.0,21.0,Lana was unboxing some of her old winter clothes. She found var_A boxes of clothing and inside each box there were var_B scarves and var_C mittens. How many pieces of winter clothing did Lana have total?,var_A * (var_B + var_C),"def solution(var_A, var_B, var_C):
    return var_A * (var_B + var_C)","{'var_A': 3.0, 'var_B': 3.0, 'var_C': 4.0}",False,
" The school cafeteria had 14 apples. If they used 13 to make lunch for the students and then bought 49 more, how many apples would they have? ",50,50,50.0,50.0,"The school cafeteria had var_A apples. If they used var_B to make lunch for the students and then bought var_C more, how many apples would they have?",var_A - var_B + var_C,"def solution(var_A, var_B, var_C):
    return var_A - var_B + var_C","{'var_A': 14.0, 'var_B': 13.0, 'var_C': 49.0}",False,
" There were 9 girls and 14 boys trying out for the schools basketball team. If only 2 of them got called back, how many students didn't make the cut? ",21,21,21.0,21.0,"There were var_A girls and var_B boys trying out for the schools basketball team. If only var_C of them got called back, how many students didn't make the cut?",(var_A + var_B) - var_C,"def solution(var_A, var_B, var_C):
    return (var_A + var_B) - var_C","{'var_A': 9.0, 'var_B': 14.0, 'var_C': 2.0}",False,
" A store had 5 oranges in a bin. If they threw away 2 of the old ones and put 28 new ones in the bin how many would be in the bin? ",31,31,31.0,31.0,A store had var_A oranges in a bin. If they threw away var_B of the old ones and put var_C new ones in the bin how many would be in the bin?,var_A - var_B + var_C,"def solution(var_A, var_B, var_C):
    return var_A - var_B + var_C","{'var_A': 5.0, 'var_B': 2.0, 'var_C': 28.0}",False,
" Debby's class is going on a field trip to the zoo. If each van can hold 4 people and there are 2 students and 6 adults going, how many vans will they need? ",2,,2.0,2.0,"Debby's class is going on a field trip to the zoo. If each van can hold var_A people and there are var_B students and var_C adults going, how many vans will they need?",( var_B + var_C ) / var_A,"def solution(var_A, var_B, var_C):
    total_people = var_B + var_C
    return (total_people + var_A - 1) // var_A  # Using ceiling division to account for partial vans","{'var_A': 4.0, 'var_B': 2.0, 'var_C': 6.0}",False,
" A toy store had 5 giant stuffed bears in stock when they got another shipment with 7 bears in it. The put the bears onto shelves with 6 on each shelf. How many shelves did they use? ",2,2,2.0,2.0,A toy store had var_A giant stuffed bears in stock when they got another shipment with var_B bears in it. The put the bears onto shelves with var_C on each shelf. How many shelves did they use?,(var_A + var_B) / var_C,"def solution(var_A, var_B, var_C):
    total_bears = var_A + var_B
    return total_bears // var_C","{'var_A': 5.0, 'var_B': 7.0, 'var_C': 6.0}",False,
" Each chocolate bar in a box cost $2. If a box had 13 bars total and Rachel sold all but 4 bars, how much money would she have made? ",18,18,18.0,18.0,"Each chocolate bar in a box cost $ var_A If a box had var_B bars total and Rachel sold all but var_C bars, how much money would she have made?",(var_B - var_C) * var_A,"def solution(var_A, var_B, var_C):
    return var_A * (var_B - var_C)","{'var_A': 2.0, 'var_B': 13.0, 'var_C': 4.0}",False,
" John had 6 action figures, but needed 11 total for a complete collection. If each one costs $6, how much money would he need to finish his collection? ",30,30,30.0,30.0,"John had var_A action figures, but needed var_B total for a complete collection. If each one costs $ var_C how much money would he need to finish his collection?",(var_B - var_A) * var_C,"def solution(var_A, var_B, var_C):
    return (var_B - var_A) * var_C","{'var_A': 6.0, 'var_B': 11.0, 'var_C': 6.0}",False,
" Each chocolate bar in a box cost $3. If a box had 9 bars total and Wendy sold all but 3 bars, how much money would she have made? ",18,18,18.0,18.0,"Each chocolate bar in a box cost $ var_A If a box had var_B bars total and Wendy sold all but var_C bars, how much money would she have made?",(var_B - var_C) * var_A,"def solution(var_A, var_B, var_C):
    return var_A * (var_B - var_C)","{'var_A': 3.0, 'var_B': 9.0, 'var_C': 3.0}",False,
" At Oliver's Restaurant a group with 2 adults and 4 children came in to eat. If each meal cost 3 dollars, how much was the bill? ",18,18,18.0,18.0,"At Oliver's Restaurant a group with var_A adults and var_B children came in to eat. If each meal cost var_C dollars, how much was the bill?",(var_A + var_B) * var_C,"def solution(var_A, var_B, var_C):
    return (var_A + var_B) * var_C","{'var_A': 2.0, 'var_B': 4.0, 'var_C': 3.0}",False,
" A worksheet had 4 problems on it. If a teacher had 16 worksheets to grade and had already graded 8 of them, how many more problems does she have to grade? ",32,32,32.0,32.0,"A worksheet had var_A problems on it. If a teacher had var_B worksheets to grade and had already graded var_C of them, how many more problems does she have to grade?",(var_B - var_C) * var_A,"def solution(var_A, var_B, var_C):
    return (var_B - var_C) * var_A","{'var_A': 4.0, 'var_B': 16.0, 'var_C': 8.0}",False,
" There are 25 students trying out for the school's trivia teams. If 15 of them didn't get picked for the team and the rest were put into 2 groups, how many students would be in each group? ",5,5,5.0,5.0,"There are var_A students trying out for the school's trivia teams. If var_B of them didn't get picked for the team and the rest were put into var_C groups, how many students would be in each group?",(var_A - var_B) / var_C,"def solution(var_A, var_B, var_C):
    return (var_A - var_B) // var_C","{'var_A': 25.0, 'var_B': 15.0, 'var_C': 2.0}",False,
" Edward bought 79 tickets at the state fair. He spent 23 tickets at the 'dunk a clown' booth and decided to use the rest on rides. If each ride cost 7 tickets, how many rides could he go on? ",8,8,8.0,8.0,"Edward bought var_A tickets at the state fair. He spent var_B tickets at the 'dunk a clown' booth and decided to use the rest on rides. If each ride cost var_C tickets, how many rides could he go on?",(var_A - var_B) / var_C,"def solution(var_A, var_B, var_C):
    return (var_A - var_B) // var_C","{'var_A': 79.0, 'var_B': 23.0, 'var_C': 7.0}",False,
